Service,Policy Definition,Azure Security Benchmark,CIS,CCMC L3,ISO 27001,NIST SP 800-53 R4,NIST SP 800-171 R2,HIPAA HITRUST 9.2,New Zealand ISM,Link
API for FHIR,Azure API for FHIR should use a customer-managed key to encrypt data at rest,,,,,,,,,https://github.com/Azure/azure-policy/blob/master/built-in-policies/policyDefinitions/API%20for%20FHIR/HealthcareAPIs_EnableByok_Audit.json
API for FHIR,CORS should not allow every domain to access your API for FHIR,,,,,,,,,https://github.com/Azure/azure-policy/blob/master/built-in-policies/policyDefinitions/API%20for%20FHIR/HealthcareAPIs_RestrictCORSAccess_Audit.json
App Configuration,App Configuration should use private link,NS-3,,,,,,,,https://github.com/Azure/azure-policy/blob/master/built-in-policies/policyDefinitions/App%20Configuration/PrivateLink_Audit.json
App Service,API App should only be accessible over HTTPS,DP-4,,,A.10.1.1,SC-8 (1),3.13.8,0949.09y2Organizational.5 - 09.y,SS-8,https://github.com/Azure/azure-policy/blob/master/built-in-policies/policyDefinitions/App%20Service/AppServiceApiApp_AuditHTTP_Audit.json
App Service,Authentication should be enabled on your API app,,9.1,,,,,,,https://github.com/Azure/azure-policy/blob/master/built-in-policies/policyDefinitions/App%20Service/AppService_Authentication_ApiApp_Audit.json
App Service,Authentication should be enabled on your Function app,,9.1,,,,,,,https://github.com/Azure/azure-policy/blob/master/built-in-policies/policyDefinitions/App%20Service/AppService_Authentication_functionapp_Audit.json
App Service,Authentication should be enabled on your web app,,9.1,,,,,,,https://github.com/Azure/azure-policy/blob/master/built-in-policies/policyDefinitions/App%20Service/AppService_Authentication_WebApp_Audit.json
App Service,CORS should not allow every resource to access your API App,PV-2,,,,,,0911.09s1Organizational.2 - 09.s,,https://github.com/Azure/azure-policy/blob/master/built-in-policies/policyDefinitions/App%20Service/AppService_RestrictCORSAccess_ApiApp_Audit.json
App Service,CORS should not allow every resource to access your Function Apps,PV-2,,,,,,0960.09sCSPOrganizational.1 - 09.s,,https://github.com/Azure/azure-policy/blob/master/built-in-policies/policyDefinitions/App%20Service/AppService_RestrictCORSAccess_FuntionApp_Audit.json
App Service,CORS should not allow every resource to access your Web Applications,PV-2,,,,AC-4,3.1.3,0916.09s2Organizational.4 - 09.s,SS-8,https://github.com/Azure/azure-policy/blob/master/built-in-policies/policyDefinitions/App%20Service/AppService_RestrictCORSAccess_WebApp_Audit.json
App Service,Diagnostic logs in App Services should be enabled,LT-4,5.3,,,,,1209.09aa3System.2 - 09.aa,,https://github.com/Azure/azure-policy/blob/master/built-in-policies/policyDefinitions/App%20Service/AppService_AuditLoggingMonitoring_Audit.json
App Service,Ensure API app has 'Client Certificates (Incoming client certificates)' set to 'On',PV-2,9.4,,,,,,,https://github.com/Azure/azure-policy/blob/master/built-in-policies/policyDefinitions/App%20Service/AppService_ApiApp_Audit_ClientCert.json
App Service,Ensure WEB app has 'Client Certificates (Incoming client certificates)' set to 'On',PV-2,9.4,,,,,0915.09s2Organizational.2 - 09.s,,https://github.com/Azure/azure-policy/blob/master/built-in-policies/policyDefinitions/App%20Service/AppService_Webapp_Audit_ClientCert.json
App Service,"Ensure that 'HTTP Version' is the latest, if used to run the API app",,9.9,,,,3.14.1,,,https://github.com/Azure/azure-policy/blob/master/built-in-policies/policyDefinitions/App%20Service/AppService_ApiApp_Audit_HTTP_Latest.json
App Service,"Ensure that 'HTTP Version' is the latest, if used to run the Function app",,9.9,,,,3.14.1,,,https://github.com/Azure/azure-policy/blob/master/built-in-policies/policyDefinitions/App%20Service/AppService_FunctionApp_Audit_HTTP_Latest.json
App Service,"Ensure that 'HTTP Version' is the latest, if used to run the Web app",,9.9,,,,3.14.1,,,https://github.com/Azure/azure-policy/blob/master/built-in-policies/policyDefinitions/App%20Service/AppService_WebApp_Audit_HTTP_Latest.json
App Service,"Ensure that 'Java version' is the latest, if used as a part of the API app",PV-7,9.8,,,,3.14.1,,,https://github.com/Azure/azure-policy/blob/master/built-in-policies/policyDefinitions/App%20Service/AppService_ApiApp_Audit_java_Latest.json
App Service,"Ensure that 'Java version' is the latest, if used as a part of the Function app",PV-7,9.8,,,,3.14.1,,,https://github.com/Azure/azure-policy/blob/master/built-in-policies/policyDefinitions/App%20Service/AppService_FunctionApp_Audit_java_Latest.json
App Service,"Ensure that 'Java version' is the latest, if used as a part of the Web app",PV-7,9.8,,,,3.14.1,,,https://github.com/Azure/azure-policy/blob/master/built-in-policies/policyDefinitions/App%20Service/AppService_WebApp_Audit_java_Latest.json
App Service,"Ensure that 'PHP version' is the latest, if used as a part of the API app",PV-7,9.6,,,,3.14.1,,,https://github.com/Azure/azure-policy/blob/master/built-in-policies/policyDefinitions/App%20Service/AppService_ApiApp_Audit_PHP_Latest.json
App Service,"Ensure that 'PHP version' is the latest, if used as a part of the WEB app",PV-7,9.6,,,,3.14.1,,,https://github.com/Azure/azure-policy/blob/master/built-in-policies/policyDefinitions/App%20Service/AppService_Webapp_Audit_PHP_Latest.json
App Service,"Ensure that 'Python version' is the latest, if used as a part of the API app",PV-7,9.7,,,,3.14.1,,,https://github.com/Azure/azure-policy/blob/master/built-in-policies/policyDefinitions/App%20Service/AppService_ApiApp_Audit_python_Latest.json
App Service,"Ensure that 'Python version' is the latest, if used as a part of the Function app",PV-7,9.7,,,,3.14.1,,,https://github.com/Azure/azure-policy/blob/master/built-in-policies/policyDefinitions/App%20Service/AppService_FunctionApp_Audit_python_Latest.json
App Service,"Ensure that 'Python version' is the latest, if used as a part of the Web app",PV-7,9.7,,,,3.14.1,,,https://github.com/Azure/azure-policy/blob/master/built-in-policies/policyDefinitions/App%20Service/AppService_WebApp_Audit_python_Latest.json
App Service,FTPS only should be required in your API App,DP-4,9.10,,,,,,,https://github.com/Azure/azure-policy/blob/master/built-in-policies/policyDefinitions/App%20Service/AppService_AuditFTPS_ApiApp_Audit.json
App Service,FTPS only should be required in your Function App,DP-4,9.10,,,,,,,https://github.com/Azure/azure-policy/blob/master/built-in-policies/policyDefinitions/App%20Service/AppService_AuditFTPS_FunctionApp_Audit.json
App Service,FTPS should be required in your Web App,DP-4,9.10,,,,,,,https://github.com/Azure/azure-policy/blob/master/built-in-policies/policyDefinitions/App%20Service/AppService_AuditFTPS_WebApp_Audit.json
App Service,Function App should only be accessible over HTTPS,DP-4,,,A.10.1.1,SC-8 (1),3.13.8,0949.09y2Organizational.5 - 09.y,SS-8,https://github.com/Azure/azure-policy/blob/master/built-in-policies/policyDefinitions/App%20Service/AppServiceFunctionApp_AuditHTTP_Audit.json
App Service,Function apps should have 'Client Certificates (Incoming client certificates)' enabled,PV-2,9.4,,,,,,,https://github.com/Azure/azure-policy/blob/master/built-in-policies/policyDefinitions/App%20Service/AppService_FunctionApp_Audit_ClientCert.json
App Service,Latest TLS version should be used in your API App,DP-4,9.3,,,,3.14.1,0949.09y2Organizational.5 - 09.y,CR-6,https://github.com/Azure/azure-policy/blob/master/built-in-policies/policyDefinitions/App%20Service/AppService_RequireLatestTls_ApiApp_Audit.json
App Service,Latest TLS version should be used in your Function App,DP-4,9.3,,,,3.14.1,0949.09y2Organizational.5 - 09.y,CR-6,https://github.com/Azure/azure-policy/blob/master/built-in-policies/policyDefinitions/App%20Service/AppService_RequireLatestTls_FunctionApp_Audit.json
App Service,Latest TLS version should be used in your Web App,DP-4,9.3,,,,3.14.1,0949.09y2Organizational.5 - 09.y,CR-6,https://github.com/Azure/azure-policy/blob/master/built-in-policies/policyDefinitions/App%20Service/AppService_RequireLatestTls_WebApp_Audit.json
App Service,Managed identity should be used in your API App,IM-2,9.5,,,,,,,https://github.com/Azure/azure-policy/blob/master/built-in-policies/policyDefinitions/App%20Service/AppService_UseManagedIdentity_ApiApp_Audit.json
App Service,Managed identity should be used in your Function App,IM-2,9.5,,,,,,,https://github.com/Azure/azure-policy/blob/master/built-in-policies/policyDefinitions/App%20Service/AppService_UseManagedIdentity_FunctionApp_Audit.json
App Service,Managed identity should be used in your Web App,IM-2,9.5,,,,,,,https://github.com/Azure/azure-policy/blob/master/built-in-policies/policyDefinitions/App%20Service/AppService_UseManagedIdentity_WebApp_Audit.json
App Service,Remote debugging should be turned off for API Apps,PV-2,,,,AC-17 (1),3.1.12,0914.09s1Organizational.6 - 09.s,AC-7,https://github.com/Azure/azure-policy/blob/master/built-in-policies/policyDefinitions/App%20Service/AppService_DisableRemoteDebugging_ApiApp_Audit.json
App Service,Remote debugging should be turned off for Function Apps,PV-2,,,,AC-17 (1),3.1.12,1325.09s1Organizational.3 - 09.s,AC-7,https://github.com/Azure/azure-policy/blob/master/built-in-policies/policyDefinitions/App%20Service/AppService_DisableRemoteDebugging_FunctionApp_Audit.json
App Service,Remote debugging should be turned off for Web Applications,PV-2,,,,AC-17 (1),3.1.12,0912.09s1Organizational.4 - 09.s,AC-7,https://github.com/Azure/azure-policy/blob/master/built-in-policies/policyDefinitions/App%20Service/AppService_DisableRemoteDebugging_WebApp_Audit.json
App Service,Web Application should only be accessible over HTTPS,DP-4,9.2,,A.10.1.1,SC-8 (1),3.13.8,0949.09y2Organizational.5 - 09.y,SS-8,https://github.com/Azure/azure-policy/blob/master/built-in-policies/policyDefinitions/App%20Service/AppServiceWebapp_AuditHTTP_Audit.json
Automation,Automation account variables should be encrypted,DP-5,,,A.10.1.1,,,,,https://github.com/Azure/azure-policy/blob/master/built-in-policies/policyDefinitions/Automation/Automation_AuditUnencryptedVars_Audit.json
Azure Data Explorer,Azure Data Explorer encryption at rest should use a customer-managed key,,,,,,,,,https://github.com/Azure/azure-policy/blob/master/built-in-policies/policyDefinitions/Azure%20Data%20Explorer/ADX_CMK.json
Azure Data Explorer,Disk encryption should be enabled on Azure Data Explorer,,,,,,,,,https://github.com/Azure/azure-policy/blob/master/built-in-policies/policyDefinitions/Azure%20Data%20Explorer/ADX_disk_encrypted.json
Azure Data Explorer,Double encryption should be enabled on Azure Data Explorer,,,,,,,,,https://github.com/Azure/azure-policy/blob/master/built-in-policies/policyDefinitions/Azure%20Data%20Explorer/ADX_doubleEncryption.json
Backup,Azure Backup should be enabled for Virtual Machines,BR-2,,,,,,1699.09l1Organizational.10 - 09.l,,https://github.com/Azure/azure-policy/blob/master/built-in-policies/policyDefinitions/Backup/VirtualMachines_EnableAzureBackup_Audit.json
Batch,Resource logs in Batch accounts should be enabled,LT-4,5.3,,,,,1205.09aa2System.1 - 09.aa,,https://github.com/Azure/azure-policy/blob/master/built-in-policies/policyDefinitions/Batch/Batch_AuditDiagnosticLog_Audit.json
Cache,Azure Cache for Redis should reside within a virtual network,NS-2,,,,,,,,https://github.com/Azure/azure-policy/blob/master/built-in-policies/policyDefinitions/Cache/RedisCache_CacheInVnet_Audit.json
Cache,Only secure connections to your Azure Cache for Redis should be enabled,DP-4,,,A.13.2.1,SC-8 (1),3.13.8,0946.09y2Organizational.14 - 09.y,DM-6,https://github.com/Azure/azure-policy/blob/master/built-in-policies/policyDefinitions/Cache/RedisCache_AuditSSLPort_Audit.json
Cognitive Services,Cognitive Services accounts should enable data encryption,DP-2,,,,,,,,https://github.com/Azure/azure-policy/blob/master/built-in-policies/policyDefinitions/Cognitive%20Services/CognitiveServices_Encryption_Audit.json
Cognitive Services,Cognitive Services accounts should enable data encryption with a customer-managed key,DP-5,,,,,,,,https://github.com/Azure/azure-policy/blob/master/built-in-policies/policyDefinitions/Cognitive%20Services/CognitiveServices_CustomerManagedKey_Audit.json
Cognitive Services,Cognitive Services accounts should restrict network access,NS-1,,,,,,,,https://github.com/Azure/azure-policy/blob/master/built-in-policies/policyDefinitions/Cognitive%20Services/CognitiveServices_NetworkAcls_Audit.json
Cognitive Services,Cognitive Services accounts should use customer owned storage or enable data encryption.,DP-5,,,,,,,,https://github.com/Azure/azure-policy/blob/master/built-in-policies/policyDefinitions/Cognitive%20Services/CognitiveServices_BYOX_Audit.json
Compute,Audit VMs that do not use managed disks,,7.1,,A.9.1.2,,,,,https://github.com/Azure/azure-policy/blob/master/built-in-policies/policyDefinitions/Compute/VMRequireManagedDisk_Audit.json
Compute,Audit virtual machines without disaster recovery configured,,,,,CP-7,,1638.12b2Organizational.345 - 12.b,ESS-3,https://github.com/Azure/azure-policy/blob/master/built-in-policies/policyDefinitions/Compute/RecoveryServices_DisasterRecovery_Audit.json
Compute,Microsoft Antimalware for Azure should be configured to automatically update protection signatures,,,,,,,0201.09j1Organizational.124 - 09.j,,https://github.com/Azure/azure-policy/blob/master/built-in-policies/policyDefinitions/Compute/VirtualMachines_AntiMalwareAutoUpdate_AuditIfNotExists.json
Compute,Microsoft IaaSAntimalware extension should be deployed on Windows servers,,,,,,3.14.2,,SS-2,https://github.com/Azure/azure-policy/blob/master/built-in-policies/policyDefinitions/Compute/WindowsServers_AntiMalware_AuditIfNotExists.json
Compute,Only approved VM extensions should be installed,,7.4,,,,,,,https://github.com/Azure/azure-policy/blob/master/built-in-policies/policyDefinitions/Compute/VirtualMachines_ApprovedExtensions_Audit.json
Compute,Resource logs in Virtual Machine Scale Sets should be enabled,LT-4,5.3,,,,,1206.09aa2System.23 - 09.aa,,https://github.com/Azure/azure-policy/blob/master/built-in-policies/policyDefinitions/Compute/ServiceFabric_and_VMSS_AuditVMSSDiagnostics.json
Compute,Unattached disks should be encrypted,,7.3,,,,,0303.09o2Organizational.2 - 09.o,,https://github.com/Azure/azure-policy/blob/master/built-in-policies/policyDefinitions/Compute/UnattachedDisk_Encryption_Audit.json
Compute,Virtual machines should be migrated to new Azure Resource Manager resources,AM-3,,,A.9.1.2,,,0835.09n1Organizational.1 - 09.n,,https://github.com/Azure/azure-policy/blob/master/built-in-policies/policyDefinitions/Compute/ClassicCompute_Audit.json
Container Registry,Container registries should be encrypted with a customer-managed key,DP-5,,,,,,,,https://github.com/Azure/azure-policy/blob/master/built-in-policies/policyDefinitions/Container%20Registry/ACR_CMKEncryptionEnabled_Audit.json
Container Registry,Container registries should not allow unrestricted network access,NS-1,,,,,,,,https://github.com/Azure/azure-policy/blob/master/built-in-policies/policyDefinitions/Container%20Registry/ACR_NetworkRulesExist_Audit.json
Container Registry,Container registries should use private link,NS-3,,,,,,,,https://github.com/Azure/azure-policy/blob/master/built-in-policies/policyDefinitions/Container%20Registry/ACR_PrivateEndpointEnabled_Audit.json
Cosmos DB,Azure Cosmos DB accounts should have firewall rules,NS-4,,,,,,,,https://github.com/Azure/azure-policy/blob/master/built-in-policies/policyDefinitions/Cosmos%20DB/Cosmos_NetworkRulesExist_Audit.json
Cosmos DB,Azure Cosmos DB accounts should use customer-managed keys to encrypt data at rest,DP-5,,,,,,,,https://github.com/Azure/azure-policy/blob/master/built-in-policies/policyDefinitions/Cosmos%20DB/Cosmos_CMK_Deny.json
Data Box,Azure Data Box jobs should enable double encryption for data at rest on the device,,,,,,,,,https://github.com/Azure/azure-policy/blob/master/built-in-policies/policyDefinitions/Data%20Box/DataBox_DoubleEncryption_Audit.json
Data Lake,Require encryption on Data Lake Store accounts,,,,,,,0304.09o3Organizational.1 - 09.o,,https://github.com/Azure/azure-policy/blob/master/built-in-policies/policyDefinitions/Data%20Lake/DataLakeStoreEncryption_Deny.json
Data Lake,Resource logs in Azure Data Lake Store should be enabled,LT-4,5.3,,,,,1202.09aa1System.1 - 09.aa,,https://github.com/Azure/azure-policy/blob/master/built-in-policies/policyDefinitions/Data%20Lake/DataLakeStore_AuditDiagnosticLog_Audit.json
Data Lake,Resource logs in Data Lake Analytics should be enabled,LT-4,5.3,,,,,1210.09aa3System.3 - 09.aa,,https://github.com/Azure/azure-policy/blob/master/built-in-policies/policyDefinitions/Data%20Lake/DataLakeAnalytics_AuditDiagnosticLog_Audit.json
Event Grid,Azure Event Grid domains should use private link,NS-3,,,,,,,,https://github.com/Azure/azure-policy/blob/master/built-in-policies/policyDefinitions/Event%20Grid/Domains_PrivateEndpoint_Audit.json
Event Grid,Azure Event Grid topics should use private link,NS-3,,,,,,,,https://github.com/Azure/azure-policy/blob/master/built-in-policies/policyDefinitions/Event%20Grid/Topics_PrivateEndpoint_Audit.json
Event Hub,Resource logs in Event Hub should be enabled,LT-4,5.3,,,,,1207.09aa2System.4 - 09.aa,,https://github.com/Azure/azure-policy/blob/master/built-in-policies/policyDefinitions/Event%20Hub/EventHub_AuditDiagnosticLog_Audit.json
General,Allowed locations,,,,,,,,ESS-2,https://github.com/Azure/azure-policy/blob/master/built-in-policies/policyDefinitions/General/AllowedLocations_Deny.json
General,Allowed locations for resource groups,,,,,,,,ESS-2,https://github.com/Azure/azure-policy/blob/master/built-in-policies/policyDefinitions/General/ResourceGroupAllowedLocations_Deny.json
General,Audit usage of custom RBAC rules,PA-7,,,A.9.2.3,AC-2 (7),,1230.09c2Organizational.1 - 09.c,,https://github.com/Azure/azure-policy/blob/master/built-in-policies/policyDefinitions/General/Subscription_AuditCustomRBACRoles_Audit.json
General,Custom subscription owner roles should not exist,PA-7,1.21,,,,,1278.09c2Organizational.56 - 09.c,,https://github.com/Azure/azure-policy/blob/master/built-in-policies/policyDefinitions/General/CustomSubscription_OwnerRole_Audit.json
Guest Configuration,Add system-assigned managed identity to enable Guest Configuration assignments on VMs with a user-assigned identity,,,,A.10.1.1,IA-5 (1),3.5.10,,,https://github.com/Azure/azure-policy/blob/master/built-in-policies/policyDefinitions/Guest%20Configuration/GuestConfiguration_AddSystemIdentityWhenUser_Prerequisite.json
Guest Configuration,Add system-assigned managed identity to enable Guest Configuration assignments on virtual machines with no identities,,,,A.10.1.1,IA-5 (1),3.5.10,,,https://github.com/Azure/azure-policy/blob/master/built-in-policies/policyDefinitions/Guest%20Configuration/GuestConfiguration_AddSystemIdentityWhenNone_Prerequisite.json
Guest Configuration,Audit Linux machines that allow remote connections from accounts without passwords,,,,A.9.1.2,AC-17 (1),3.1.12,,AC-2,https://github.com/Azure/azure-policy/blob/master/built-in-policies/policyDefinitions/Guest%20Configuration/GuestConfiguration_LinuxPassword110_AINE.json
Guest Configuration,Audit Linux machines that do not have the passwd file permissions set to 0644,,,,A.9.2.4,IA-5,3.5.10,,,https://github.com/Azure/azure-policy/blob/master/built-in-policies/policyDefinitions/Guest%20Configuration/GuestConfiguration_LinuxPassword121_AINE.json
Guest Configuration,Audit Linux machines that have accounts without passwords,,,,A.9.1.2,IA-5,3.5.7,,AC-2,https://github.com/Azure/azure-policy/blob/master/built-in-policies/policyDefinitions/Guest%20Configuration/GuestConfiguration_LinuxPassword232_AINE.json
Guest Configuration,Audit Windows machines missing any of specified members in the Administrators group,,,,,AC-6 (7),3.1.4,1127.01q2System.3 - 01.q,AC-9,https://github.com/Azure/azure-policy/blob/master/built-in-policies/policyDefinitions/Guest%20Configuration/GuestConfiguration_AdministratorsGroupMembersToInclude_AINE.json
Guest Configuration,Audit Windows machines on which the Log Analytics agent is not connected as expected,,,,,,,1217.09ab3System.3 - 09.ab,,https://github.com/Azure/azure-policy/blob/master/built-in-policies/policyDefinitions/Guest%20Configuration/GuestConfiguration_WindowsLogAnalyticsAgentConnection_AINE.json
Guest Configuration,Audit Windows machines that allow re-use of the previous 24 passwords,,,,A.9.4.3,IA-5 (1),3.5.8,,,https://github.com/Azure/azure-policy/blob/master/built-in-policies/policyDefinitions/Guest%20Configuration/GuestConfiguration_WindowsPasswordEnforce_AINE.json
Guest Configuration,Audit Windows machines that do not contain the specified certificates in Trusted Root,,,,,,,0945.09y1Organizational.3 - 09.y,,https://github.com/Azure/azure-policy/blob/master/built-in-policies/policyDefinitions/Guest%20Configuration/GuestConfiguration_WindowsCertificateInTrustedRoot_AINE.json
Guest Configuration,Audit Windows machines that do not have a maximum password age of 70 days,,,,A.9.4.3,IA-5 (1),,,,https://github.com/Azure/azure-policy/blob/master/built-in-policies/policyDefinitions/Guest%20Configuration/GuestConfiguration_WindowsMaximumPassword_AINE.json
Guest Configuration,Audit Windows machines that do not have a minimum password age of 1 day,,,,A.9.4.3,IA-5 (1),,,,https://github.com/Azure/azure-policy/blob/master/built-in-policies/policyDefinitions/Guest%20Configuration/GuestConfiguration_WindowsMinimumPassword_AINE.json
Guest Configuration,Audit Windows machines that do not have the password complexity setting enabled,,,,A.9.4.3,IA-5 (1),3.5.7,,,https://github.com/Azure/azure-policy/blob/master/built-in-policies/policyDefinitions/Guest%20Configuration/GuestConfiguration_WindowsPasswordComplexity_AINE.json
Guest Configuration,Audit Windows machines that do not restrict the minimum password length to 14 characters,,,,A.9.4.3,IA-5 (1),3.5.7,,,https://github.com/Azure/azure-policy/blob/master/built-in-policies/policyDefinitions/Guest%20Configuration/GuestConfiguration_WindowsPasswordLength_AINE.json
Guest Configuration,Audit Windows machines that do not store passwords using reversible encryption,,,,A.10.1.1,IA-5 (1),3.5.10,,,https://github.com/Azure/azure-policy/blob/master/built-in-policies/policyDefinitions/Guest%20Configuration/GuestConfiguration_WindowsPasswordEncryption_AINE.json
Guest Configuration,Audit Windows machines that have extra accounts in the Administrators group,,,,,,,1123.01q1System.2 - 01.q,AC-9,https://github.com/Azure/azure-policy/blob/master/built-in-policies/policyDefinitions/Guest%20Configuration/GuestConfiguration_AdministratorsGroupMembers_AINE.json
Guest Configuration,Audit Windows machines that have the specified members in the Administrators group,,,,,AC-6 (7),3.1.4,1125.01q2System.1 - 01.q,AC-9,https://github.com/Azure/azure-policy/blob/master/built-in-policies/policyDefinitions/Guest%20Configuration/GuestConfiguration_AdministratorsGroupMembersToExclude_AINE.json
Guest Configuration,Windows Defender Exploit Guard should be enabled on your machines,ES-2,,,,,,,DM-4,https://github.com/Azure/azure-policy/blob/master/built-in-policies/policyDefinitions/Guest%20Configuration/GuestConfiguration_WindowsDefenderExploitGuard_AINE.json
Guest Configuration,Windows machines should meet requirements for 'Security Options - Accounts',,,,,,,1148.01c2System.78 - 01.c,,https://github.com/Azure/azure-policy/blob/master/built-in-policies/policyDefinitions/Guest%20Configuration/GuestConfiguration_SecurityOptionsAccounts_AINE.json
Guest Configuration,Windows machines should meet requirements for 'Security Options - Audit',,,,,,,0605.10h1System.12 - 10.h,,https://github.com/Azure/azure-policy/blob/master/built-in-policies/policyDefinitions/Guest%20Configuration/GuestConfiguration_SecurityOptionsAudit_AINE.json
Guest Configuration,Windows machines should meet requirements for 'Security Options - Microsoft Network Server',,,,,,,0709.10m1Organizational.1 - 10.m,,https://github.com/Azure/azure-policy/blob/master/built-in-policies/policyDefinitions/Guest%20Configuration/GuestConfiguration_SecurityOptionsMicrosoftNetworkServer_AINE.json
Guest Configuration,Windows machines should meet requirements for 'Security Options - Network Access',,,,,,,0861.09m2Organizational.67 - 09.m,,https://github.com/Azure/azure-policy/blob/master/built-in-policies/policyDefinitions/Guest%20Configuration/GuestConfiguration_SecurityOptionsNetworkAccess_AINE.json
Guest Configuration,Windows machines should meet requirements for 'Security Options - Network Security',,,,,,3.5.10,,,https://github.com/Azure/azure-policy/blob/master/built-in-policies/policyDefinitions/Guest%20Configuration/GuestConfiguration_SecurityOptionsNetworkSecurity_AINE.json
Guest Configuration,Windows machines should meet requirements for 'Security Options - Recovery console',,,,,,,1637.12b2Organizational.2 - 12.b,,https://github.com/Azure/azure-policy/blob/master/built-in-policies/policyDefinitions/Guest%20Configuration/GuestConfiguration_SecurityOptionsRecoveryconsole_AINE.json
Guest Configuration,Windows machines should meet requirements for 'Security Options - User Account Control',,,,,,,1277.09c2Organizational.4 - 09.c,,https://github.com/Azure/azure-policy/blob/master/built-in-policies/policyDefinitions/Guest%20Configuration/GuestConfiguration_SecurityOptionsUserAccountControl_AINE.json
Guest Configuration,Windows machines should meet requirements for 'Security Settings - Account Policies',,,,,,,,AC-4,https://github.com/Azure/azure-policy/blob/master/built-in-policies/policyDefinitions/Guest%20Configuration/GuestConfiguration_SecuritySettingsAccountPolicies_AINE.json
Guest Configuration,Windows machines should meet requirements for 'System Audit Policies - Account Management',,,,,,,0605.10h1System.12 - 10.h,,https://github.com/Azure/azure-policy/blob/master/built-in-policies/policyDefinitions/Guest%20Configuration/GuestConfiguration_SystemAuditPoliciesAccountManagement_AINE.json
Guest Configuration,Windows machines should meet requirements for 'System Audit Policies - Detailed Tracking',,,,,,,0644.10k3Organizational.4 - 10.k,,https://github.com/Azure/azure-policy/blob/master/built-in-policies/policyDefinitions/Guest%20Configuration/GuestConfiguration_SystemAuditPoliciesDetailedTracking_AINE.json
Guest Configuration,Windows machines should meet requirements for 'System Audit Policies - Policy Change',,,,,,,,,https://github.com/Azure/azure-policy/blob/master/built-in-policies/policyDefinitions/Guest%20Configuration/GuestConfiguration_SystemAuditPoliciesPolicyChange_AINE.json
Guest Configuration,Windows machines should meet requirements for 'System Audit Policies - Privilege Use',,,,,,,,,https://github.com/Azure/azure-policy/blob/master/built-in-policies/policyDefinitions/Guest%20Configuration/GuestConfiguration_SystemAuditPoliciesPrivilegeUse_AINE.json
Guest Configuration,Windows machines should meet requirements for 'User Rights Assignment',,,,,,,1232.09c3Organizational.12 - 09.c,,https://github.com/Azure/azure-policy/blob/master/built-in-policies/policyDefinitions/Guest%20Configuration/GuestConfiguration_UserRightsAssignment_AINE.json
Guest Configuration,Windows machines should meet requirements for 'Windows Firewall Properties',,,,,,,0858.09m1Organizational.4 - 09.m,,https://github.com/Azure/azure-policy/blob/master/built-in-policies/policyDefinitions/Guest%20Configuration/GuestConfiguration_WindowsFirewallProperties_AINE.json
Guest Configuration,Windows web servers should be configured to use secure communication protocols,DP-4,,,,SC-8 (1),3.13.8,,DM-6,https://github.com/Azure/azure-policy/blob/master/built-in-policies/policyDefinitions/Guest%20Configuration/GuestConfiguration_SecureWebProtocol_AINE.json
Guest Configuration,[Preview]: Linux machines should meet requirements for the Azure security baseline,,,,,,,,,https://github.com/Azure/azure-policy/blob/master/built-in-policies/policyDefinitions/Guest%20Configuration/GuestConfiguration_AzureLinuxBaseline_AINE.json
Internet of Things,Resource logs in IoT Hub should be enabled,LT-4,5.3,,,,,1204.09aa1System.3 - 09.aa,,https://github.com/Azure/azure-policy/blob/master/built-in-policies/policyDefinitions/Internet%20of%20Things/IoTHub_AuditDiagnosticLog_Audit.json
Key Vault,Azure Key Vault Managed HSM should have purge protection enabled,,,,,,,1635.12b1Organizational.2 - 12.b,,https://github.com/Azure/azure-policy/blob/master/built-in-policies/policyDefinitions/Key%20Vault/ManagedHsm_Recoverable_Audit.json
Key Vault,Key vaults should have purge protection enabled,BR-4,8.4,,,,,1635.12b1Organizational.2 - 12.b,,https://github.com/Azure/azure-policy/blob/master/built-in-policies/policyDefinitions/Key%20Vault/KeyVault_Recoverable_Audit.json
Key Vault,Key vaults should have soft delete enabled,BR-4,,,,,,,,https://github.com/Azure/azure-policy/blob/master/built-in-policies/policyDefinitions/Key%20Vault/KeyVault_SoftDeleteMustBeEnabled_Audit.json
Key Vault,Resource logs in Azure Key Vault Managed HSM should be enabled,,,,,,,1211.09aa3System.4 - 09.aa,,https://github.com/Azure/azure-policy/blob/master/built-in-policies/policyDefinitions/Key%20Vault/ManagedHsm_AuditDiagnosticLog_Audit.json
Key Vault,Resource logs in Key Vault should be enabled,LT-4,5.3,,,,,1211.09aa3System.4 - 09.aa,,https://github.com/Azure/azure-policy/blob/master/built-in-policies/policyDefinitions/Key%20Vault/KeyVault_AuditDiagnosticLog_Audit.json
Key Vault,[Preview]: Certificates using RSA cryptography should have the specified minimum key size,,,,,,,,,https://github.com/Azure/azure-policy/blob/master/built-in-policies/policyDefinitions/Key%20Vault/Certificates_RSA_MinimumKeySize.json
Key Vault,[Preview]: Firewall should be enabled on Key Vault,NS-4,,,,,,,,https://github.com/Azure/azure-policy/blob/master/built-in-policies/policyDefinitions/Key%20Vault/AzureKeyVaultFirewallEnabled_Audit.json
Key Vault,[Preview]: Key Vault keys should have an expiration date,,8.1,,,,,,,https://github.com/Azure/azure-policy/blob/master/built-in-policies/policyDefinitions/Key%20Vault/Keys_ExpirationSet.json
Key Vault,[Preview]: Key Vault secrets should have an expiration date,,8.2,,,,,,,https://github.com/Azure/azure-policy/blob/master/built-in-policies/policyDefinitions/Key%20Vault/Secrets_ExpirationSet.json
Key Vault,[Preview]: Keys should be the specified cryptographic type RSA or EC,,,,,,,,,https://github.com/Azure/azure-policy/blob/master/built-in-policies/policyDefinitions/Key%20Vault/Keys_AllowedKeyTypes.json
Key Vault,[Preview]: Keys using RSA cryptography should have a specified minimum key size,,,,,,,,,https://github.com/Azure/azure-policy/blob/master/built-in-policies/policyDefinitions/Key%20Vault/Keys_RSA_MinimumKeySize.json
Key Vault,[Preview]: Keys using elliptic curve cryptography should have the specified curve names,,,,,,,,,https://github.com/Azure/azure-policy/blob/master/built-in-policies/policyDefinitions/Key%20Vault/Keys_EC_AllowedCurveNames.json
Key Vault,[Preview]: Private endpoint should be configured for Key Vault,NS-3,,,,,,,,https://github.com/Azure/azure-policy/blob/master/built-in-policies/policyDefinitions/Key%20Vault/AzureKeyVaultPrivateEndpointEnabled_Audit.json
Kubernetes,Azure Policy Add-on for Kubernetes service (AKS) should be installed and enabled on your clusters,PV-2,,,,,,,,https://github.com/Azure/azure-policy/blob/master/built-in-policies/policyDefinitions/Kubernetes/AKS_AzurePolicyAddOn_Audit.json
Kubernetes,Both operating systems and data disks in Azure Kubernetes Service clusters should be encrypted by customer-managed keys,,,,,,,,,https://github.com/Azure/azure-policy/blob/master/built-in-policies/policyDefinitions/Kubernetes/AKS_CMK_Deny.json
Kubernetes,Kubernetes cluster containers should not share host process ID or host IPC namespace,PV-2,,,,,,,,https://github.com/Azure/azure-policy/blob/master/built-in-policies/policyDefinitions/Kubernetes/BlockHostNamespace.json
Kubernetes,Kubernetes cluster containers should only use allowed AppArmor profiles,PV-2,,,,,,,,https://github.com/Azure/azure-policy/blob/master/built-in-policies/policyDefinitions/Kubernetes/EnforceAppArmorProfile.json
Kubernetes,Kubernetes cluster containers should only use allowed capabilities,PV-2,,,,,,,,https://github.com/Azure/azure-policy/blob/master/built-in-policies/policyDefinitions/Kubernetes/ContainerAllowedCapabilities.json
Kubernetes,Kubernetes cluster containers should run with a read only root file system,PV-2,,,,,,,,https://github.com/Azure/azure-policy/blob/master/built-in-policies/policyDefinitions/Kubernetes/ReadOnlyRootFileSystem.json
Kubernetes,Kubernetes cluster pod hostPath volumes should only use allowed host paths,PV-2,,,,,,,,https://github.com/Azure/azure-policy/blob/master/built-in-policies/policyDefinitions/Kubernetes/AllowedHostPaths.json
Kubernetes,Kubernetes cluster pods and containers should only run with approved user and group IDs,PV-2,,,,,,,,https://github.com/Azure/azure-policy/blob/master/built-in-policies/policyDefinitions/Kubernetes/AllowedUsersGroups.json
Kubernetes,Kubernetes cluster pods should only use approved host network and port range,PV-2,,,,,,,,https://github.com/Azure/azure-policy/blob/master/built-in-policies/policyDefinitions/Kubernetes/HostNetworkPorts.json
Kubernetes,Kubernetes clusters should be accessible only over HTTPS,DP-4,,,,,,,,https://github.com/Azure/azure-policy/blob/master/built-in-policies/policyDefinitions/Kubernetes/IngressHttpsOnly.json
Kubernetes,Kubernetes clusters should not allow container privilege escalation,PV-2,,,,,,,,https://github.com/Azure/azure-policy/blob/master/built-in-policies/policyDefinitions/Kubernetes/ContainerNoPrivilegeEscalation.json
Logic Apps,Resource logs in Logic Apps should be enabled,LT-4,5.3,,,,,1203.09aa1System.2 - 09.aa,,https://github.com/Azure/azure-policy/blob/master/built-in-policies/policyDefinitions/Logic%20Apps/LogicApps_AuditDiagnosticLog_Audit.json
Machine Learning,Azure Machine Learning workspaces should be encrypted with a customer-managed key,DP-5,,,,,,,,https://github.com/Azure/azure-policy/blob/master/built-in-policies/policyDefinitions/Machine%20Learning/Workspace_CMKEnabled_Audit.json
Machine Learning,Azure Machine Learning workspaces should use private link,NS-3,,,,,,,,https://github.com/Azure/azure-policy/blob/master/built-in-policies/policyDefinitions/Machine%20Learning/Workspace_PrivateLinkEnabled_Audit.json
Monitoring,Activity log should be retained for at least one year,,,,,,,,AC-15,https://github.com/Azure/azure-policy/blob/master/built-in-policies/policyDefinitions/Monitoring/ActivityLogRetention_365orGreater.json
Monitoring,An activity log alert should exist for specific Administrative operations,,5.2.9,,,,,1271.09ad1System.1 - 09.ad,,https://github.com/Azure/azure-policy/blob/master/built-in-policies/policyDefinitions/Monitoring/ActivityLog_AdministrativeOperations_Audit.json
Monitoring,An activity log alert should exist for specific Policy operations,,5.2.2,,,,,,,https://github.com/Azure/azure-policy/blob/master/built-in-policies/policyDefinitions/Monitoring/ActivityLog_PolicyOperations_Audit.json
Monitoring,An activity log alert should exist for specific Security operations,,5.2.8,,,,,,,https://github.com/Azure/azure-policy/blob/master/built-in-policies/policyDefinitions/Monitoring/ActivityLog_SecurityOperations_Audit.json
Monitoring,Audit Log Analytics workspace for VM - Report Mismatch,,,,,SI-4,3.3.2,,AC-14,https://github.com/Azure/azure-policy/blob/master/built-in-policies/policyDefinitions/Monitoring/LogAnalytics_WorkspaceMismatch_VM_Audit.json
Monitoring,Audit diagnostic setting,,,,A.12.4.4,AU-12,3.3.4,1210.09aa3System.3 - 09.aa,DM-6,https://github.com/Azure/azure-policy/blob/master/built-in-policies/policyDefinitions/Monitoring/DiagnosticSettingsForTypes_Audit.json
Monitoring,"Azure Monitor log profile should collect logs for categories 'write,' 'delete,' and 'action'",,,,,,,1219.09ab3System.10 - 09.ab,,https://github.com/Azure/azure-policy/blob/master/built-in-policies/policyDefinitions/Monitoring/ActivityLog_CaptureAllCategories.json
Monitoring,Azure Monitor should collect activity logs from all regions,,,,,,,1214.09ab2System.3456 - 09.ab,,https://github.com/Azure/azure-policy/blob/master/built-in-policies/policyDefinitions/Monitoring/ActivityLog_CaptureAllRegions.json
Monitoring,Azure subscriptions should have a log profile for Activity Log,,,,,,,,AC-13,https://github.com/Azure/azure-policy/blob/master/built-in-policies/policyDefinitions/Monitoring/Logprofile_activityLogs_Audit.json
Monitoring,Storage account containing the container with activity logs must be encrypted with BYOK,,5.1.4,,,,,,,https://github.com/Azure/azure-policy/blob/master/built-in-policies/policyDefinitions/Monitoring/ActivityLog_StorageAccountBYOK_Audit.json
Monitoring,The Log Analytics agent should be installed on Virtual Machine Scale Sets,,,,,,3.3.2,1216.09ab3System.12 - 09.ab,,https://github.com/Azure/azure-policy/blob/master/built-in-policies/policyDefinitions/Monitoring/VMSS_LogAnalyticsAgent_AuditIfNotExists.json
Monitoring,The Log Analytics agent should be installed on virtual machines,,,,,,3.3.2,1215.09ab2System.7 - 09.ab,,https://github.com/Azure/azure-policy/blob/master/built-in-policies/policyDefinitions/Monitoring/VirtualMachines_LogAnalyticsAgent_AuditIfNotExists.json
Monitoring,[Preview]: Log Analytics agent should be installed on your Linux Azure Arc machines,LT-5,,,,,,,,https://github.com/Azure/azure-policy/blob/master/built-in-policies/policyDefinitions/Monitoring/Arc_Linux_LogAnalytics_Audit.json
Monitoring,[Preview]: Log Analytics agent should be installed on your Windows Azure Arc machines,LT-5,,,,,,,,https://github.com/Azure/azure-policy/blob/master/built-in-policies/policyDefinitions/Monitoring/Arc_Windows_LogAnalytics_Audit.json
Monitoring,[Preview]: Network traffic data collection agent should be installed on Linux virtual machines,LT-3,,,,,,0885.09n2Organizational.3 - 09.n,,https://github.com/Azure/azure-policy/blob/master/built-in-policies/policyDefinitions/Monitoring/ASC_Dependency_Agent_Audit_Linux.json
Monitoring,[Preview]: Network traffic data collection agent should be installed on Windows virtual machines,LT-3,,,,,,0887.09n2Organizational.5 - 09.n,,https://github.com/Azure/azure-policy/blob/master/built-in-policies/policyDefinitions/Monitoring/ASC_Dependency_Agent_Audit_Windows.json
Network,App Service should use a virtual network service endpoint,,,,,,,0861.09m2Organizational.67 - 09.m,,https://github.com/Azure/azure-policy/blob/master/built-in-policies/policyDefinitions/Network/VirtualNetworkServiceEndpoint_AppService_AuditIfNotExists.json
Network,Cosmos DB should use a virtual network service endpoint,,,,,,,0864.09m2Organizational.12 - 09.m,,https://github.com/Azure/azure-policy/blob/master/built-in-policies/policyDefinitions/Network/VirtualNetworkServiceEndpoint_CosmosDB_Audit.json
Network,Event Hub should use a virtual network service endpoint,,,,,,,0863.09m2Organizational.910 - 09.m,,https://github.com/Azure/azure-policy/blob/master/built-in-policies/policyDefinitions/Network/VirtualNetworkServiceEndpoint_EventHub_AuditIfNotExists.json
Network,Gateway subnets should not be configured with a network security group,,,,,,,0894.01m2Organizational.7 - 01.m,,https://github.com/Azure/azure-policy/blob/master/built-in-policies/policyDefinitions/Network/NetworkSecurityGroupOnGatewaySubnet_Deny.json
Network,Key Vault should use a virtual network service endpoint,,,,,,,0865.09m2Organizational.13 - 09.m,,https://github.com/Azure/azure-policy/blob/master/built-in-policies/policyDefinitions/Network/VirtualNetworkServiceEndpoint_KeyVault_Audit.json
Network,Network Watcher should be enabled,LT-3,6.5,,,,3.14.6,0888.09n2Organizational.6 - 09.n,,https://github.com/Azure/azure-policy/blob/master/built-in-policies/policyDefinitions/Network/NetworkWatcher_Enabled_Audit.json
Network,RDP access from the Internet should be blocked,NS-4,6.1,,,,,,,https://github.com/Azure/azure-policy/blob/master/built-in-policies/policyDefinitions/Network/NetworkSecurityGroup_RDPAccess_Audit.json
Network,SQL Server should use a virtual network service endpoint,,,,,,,0862.09m2Organizational.8 - 09.m,,https://github.com/Azure/azure-policy/blob/master/built-in-policies/policyDefinitions/Network/VirtualNetworkServiceEndpoint_SQLServer_AuditIfNotExists.json
Network,SSH access from the Internet should be blocked,NS-4,6.2,,,,,,,https://github.com/Azure/azure-policy/blob/master/built-in-policies/policyDefinitions/Network/NetworkSecurityGroup_SSHAccess_Audit.json
Network,Service Bus should use a virtual network service endpoint,,,,,,,0860.09m1Organizational.9 - 09.m,,https://github.com/Azure/azure-policy/blob/master/built-in-policies/policyDefinitions/Network/VirtualNetworkServiceEndpoint_ServiceBus_AuditIfNotExists.json
Network,Storage Accounts should use a virtual network service endpoint,,,,,,,0867.09m3Organizational.17 - 09.m,,https://github.com/Azure/azure-policy/blob/master/built-in-policies/policyDefinitions/Network/VirtualNetworkServiceEndpoint_StorageAccount_Audit.json
Network,Virtual machines should be connected to an approved virtual network,,,,,,,0814.01n1Organizational.12 - 01.n,,https://github.com/Azure/azure-policy/blob/master/built-in-policies/policyDefinitions/Network/ApprovedVirtualNetwork_Audit.json
Network,Web Application Firewall (WAF) should be enabled for Application Gateway,NS-4,,,,,,,NS-7,https://github.com/Azure/azure-policy/blob/master/built-in-policies/policyDefinitions/Network/WAF_AppGatewayEnabled_Audit.json
Network,Web Application Firewall (WAF) should be enabled for Azure Front Door Service service,NS-4,,,,,,,NS-7,https://github.com/Azure/azure-policy/blob/master/built-in-policies/policyDefinitions/Network/WAF_AFD_Enabled_Audit.json
Network,Web Application Firewall (WAF) should use the specified mode for Application Gateway,,,,,,,,NS-7,https://github.com/Azure/azure-policy/blob/master/built-in-policies/policyDefinitions/Network/WAF_AppGatewayMode_Audit.json
Network,Web Application Firewall (WAF) should use the specified mode for Azure Front Door Service,,,,,,,,NS-7,https://github.com/Azure/azure-policy/blob/master/built-in-policies/policyDefinitions/Network/WAF_AFD_Mode_Audit.json
Network,[Preview]: All Internet traffic should be routed via your deployed Azure Firewall,NS-5,,,,,,,NS-7,https://github.com/Azure/azure-policy/blob/master/built-in-policies/policyDefinitions/Network/ASC_All_Internet_traffic_should_be_routed_via_Azure_Firewall.json
Network,[Preview]: Container Registry should use a virtual network service endpoint,,,,,,,0871.09m3Organizational.22 - 09.m,,https://github.com/Azure/azure-policy/blob/master/built-in-policies/policyDefinitions/Network/VirtualNetworkServiceEndpoint_ContainerRegistry_Audit.json
SQL,Advanced data security should be enabled on SQL Managed Instance,IR-5,4.2.1,,,SI-4,3.14.6,,DM-6,https://github.com/Azure/azure-policy/blob/master/built-in-policies/policyDefinitions/SQL/SqlManagedInstance_AdvancedDataSecurity_Audit.json
SQL,Advanced data security should be enabled on your SQL servers,,4.2.1,,,SI-4,3.14.6,,DM-6,https://github.com/Azure/azure-policy/blob/master/built-in-policies/policyDefinitions/SQL/SqlServer_AdvancedDataSecurity_Audit.json
SQL,An Azure Active Directory administrator should be provisioned for SQL servers,IM-1,4.4,,A.9.2.3,AC-2 (7),,,DM-6,https://github.com/Azure/azure-policy/blob/master/built-in-policies/policyDefinitions/SQL/SQL_DB_AuditServerADAdmins_Audit.json
SQL,Auditing on SQL server should be enabled,LT-4,4.1.1,,A.12.4.4,AU-12,3.3.4,1211.09aa3System.4 - 09.aa,,https://github.com/Azure/azure-policy/blob/master/built-in-policies/policyDefinitions/SQL/SqlServerAuditing_Audit.json
SQL,Bring your own key data protection should be enabled for MySQL servers,DP-5,,,,,,,,https://github.com/Azure/azure-policy/blob/master/built-in-policies/policyDefinitions/SQL/MySQL_EnableByok_Audit.json
SQL,Bring your own key data protection should be enabled for PostgreSQL servers,DP-5,,,,,,,,https://github.com/Azure/azure-policy/blob/master/built-in-policies/policyDefinitions/SQL/PostgreSQL_EnableByok_Audit.json
SQL,Connection throttling should be enabled for PostgreSQL database servers,,4.3.6,,,,,,,https://github.com/Azure/azure-policy/blob/master/built-in-policies/policyDefinitions/SQL/PostgreSQL_ConnectionThrottling_Enabled_Audit.json
SQL,Disconnections should be logged for PostgreSQL database servers.,,4.3.5,,,,,,,https://github.com/Azure/azure-policy/blob/master/built-in-policies/policyDefinitions/SQL/PostgreSQL_EnableLogDisconnections_Audit.json
SQL,Enforce SSL connection should be enabled for MySQL database servers,DP-4,4.3.1,,,,,0948.09y2Organizational.3 - 09.y,,https://github.com/Azure/azure-policy/blob/master/built-in-policies/policyDefinitions/SQL/MySQL_EnableSSL_Audit.json
SQL,Enforce SSL connection should be enabled for PostgreSQL database servers,DP-4,4.3.2,,,,,0947.09y2Organizational.2 - 09.y,,https://github.com/Azure/azure-policy/blob/master/built-in-policies/policyDefinitions/SQL/PostgreSQL_EnableSSL_Audit.json
SQL,Geo-redundant backup should be enabled for Azure Database for MariaDB,BR-2,,,,,,1627.09l3Organizational.6 - 09.l,,https://github.com/Azure/azure-policy/blob/master/built-in-policies/policyDefinitions/SQL/GeoRedundant_DBForMariaDB_Audit.json
SQL,Geo-redundant backup should be enabled for Azure Database for MySQL,BR-2,,,,,,1622.09l2Organizational.23 - 09.l,,https://github.com/Azure/azure-policy/blob/master/built-in-policies/policyDefinitions/SQL/GeoRedundant_DBForMySQL_Audit.json
SQL,Geo-redundant backup should be enabled for Azure Database for PostgreSQL,BR-2,,,,,,1626.09l3Organizational.5 - 09.l,,https://github.com/Azure/azure-policy/blob/master/built-in-policies/policyDefinitions/SQL/GeoRedundant_DBForPostgreSQL_Audit.json
SQL,Infrastructure encryption should be enabled for Azure Database for MySQL servers,,,,,,,,,https://github.com/Azure/azure-policy/blob/master/built-in-policies/policyDefinitions/SQL/MySQL_InfrastructureEncryption_Audit.json
SQL,Infrastructure encryption should be enabled for Azure Database for PostgreSQL servers,,,,,,,,,https://github.com/Azure/azure-policy/blob/master/built-in-policies/policyDefinitions/SQL/PostgreSQL_InfrastructureEncryption_Audit.json
SQL,Log checkpoints should be enabled for PostgreSQL database servers,,4.3.3,,,,,,,https://github.com/Azure/azure-policy/blob/master/built-in-policies/policyDefinitions/SQL/PostgreSQL_EnableLogCheckpoint_Audit.json
SQL,Log connections should be enabled for PostgreSQL database servers,,4.3.4,,,,,,,https://github.com/Azure/azure-policy/blob/master/built-in-policies/policyDefinitions/SQL/PostgreSQL_EnableLogConnections_Audit.json
SQL,Long-term geo-redundant backup should be enabled for Azure SQL Databases,BR-2,,,,,,1621.09l2Organizational.1 - 09.l,,https://github.com/Azure/azure-policy/blob/master/built-in-policies/policyDefinitions/SQL/GeoRedundant_SQLDatabase_AuditIfNotExists.json
SQL,Private endpoint connections on Azure SQL Database should be enabled,NS-3,,,,,,,,https://github.com/Azure/azure-policy/blob/master/built-in-policies/policyDefinitions/SQL/SqlServer_PrivateEndpoint_Audit.json
SQL,Private endpoint should be enabled for MariaDB servers,NS-3,,,,,,,,https://github.com/Azure/azure-policy/blob/master/built-in-policies/policyDefinitions/SQL/MariaDB_EnablePrivateEndPoint_Audit.json
SQL,Private endpoint should be enabled for MySQL servers,NS-3,,,,,,,,https://github.com/Azure/azure-policy/blob/master/built-in-policies/policyDefinitions/SQL/MySQL_EnablePrivateEndPoint_Audit.json
SQL,Private endpoint should be enabled for PostgreSQL servers,NS-3,,,,,,,,https://github.com/Azure/azure-policy/blob/master/built-in-policies/policyDefinitions/SQL/PostgreSQL_EnablePrivateEndPoint_Audit.json
SQL,Public network access on Azure SQL Database should be disabled,NS-1,,,,,,,,https://github.com/Azure/azure-policy/blob/master/built-in-policies/policyDefinitions/SQL/SqlServer_PublicNetworkAccess_Audit.json
SQL,Public network access should be disabled for MariaDB servers,NS-1,,,,,,,,https://github.com/Azure/azure-policy/blob/master/built-in-policies/policyDefinitions/SQL/MariaDB_DisablePublicNetworkAccess_Audit.json
SQL,Public network access should be disabled for MySQL flexible servers,,,,,,,,,https://github.com/Azure/azure-policy/blob/master/built-in-policies/policyDefinitions/SQL/MySQL_FlexibleServers_DisablePublicNetworkAccess_Audit.json
SQL,Public network access should be disabled for MySQL servers,NS-1,,,,,,,,https://github.com/Azure/azure-policy/blob/master/built-in-policies/policyDefinitions/SQL/MySQL_DisablePublicNetworkAccess_Audit.json
SQL,Public network access should be disabled for PostgreSQL flexible servers,,,,,,,,,https://github.com/Azure/azure-policy/blob/master/built-in-policies/policyDefinitions/SQL/PostgreSQL_FlexibleServers_DisablePublicNetworkAccess_Audit.json
SQL,Public network access should be disabled for PostgreSQL servers,NS-1,,,,,,,,https://github.com/Azure/azure-policy/blob/master/built-in-policies/policyDefinitions/SQL/PostgreSQL_DisablePublicNetworkAccess_Audit.json
SQL,SQL managed instances should use customer-managed keys to encrypt data at rest,DP-5,4.5,,,,,0304.09o3Organizational.1 - 09.o,,https://github.com/Azure/azure-policy/blob/master/built-in-policies/policyDefinitions/SQL/SqlManagedInstance_EnsureServerTDEisEncryptedWithYourOwnKey_Audit.json
SQL,SQL servers should use customer-managed keys to encrypt data at rest,DP-5,4.5,,,,,0304.09o3Organizational.1 - 09.o,,https://github.com/Azure/azure-policy/blob/master/built-in-policies/policyDefinitions/SQL/SqlServer_EnsureServerTDEisEncryptedWithYourOwnKey_Audit.json
SQL,Transparent Data Encryption on SQL databases should be enabled,DP-5,4.1.2,,A.10.1.1,SC-28 (1),3.13.16,0301.09o1Organizational.123 - 09.o,DM-6,https://github.com/Azure/azure-policy/blob/master/built-in-policies/policyDefinitions/SQL/SqlDBEncryption_Audit.json
SQL,Vulnerability Assessment settings for SQL server should contain an email address to receive scan reports,,4.2.4,,,,,,ISM-3,https://github.com/Azure/azure-policy/blob/master/built-in-policies/policyDefinitions/SQL/SqlServer_VulnerabilityAssessmentEmails_Audit.json
SQL,Vulnerability assessment should be enabled on SQL Managed Instance,PV-6,4.2.2,,,,,0719.10m3Organizational.5 - 10.m,ISM-3,https://github.com/Azure/azure-policy/blob/master/built-in-policies/policyDefinitions/SQL/VulnerabilityAssessmentOnManagedInstance_Audit.json
SQL,Vulnerability assessment should be enabled on your SQL servers,PV-6,4.2.2,,,,,0709.10m1Organizational.1 - 10.m,ISM-3,https://github.com/Azure/azure-policy/blob/master/built-in-policies/policyDefinitions/SQL/VulnerabilityAssessmentOnServer_Audit.json
Search,Resource logs in Search services should be enabled,LT-4,5.3,,,,,1208.09aa3System.1 - 09.aa,,https://github.com/Azure/azure-policy/blob/master/built-in-policies/policyDefinitions/Search/Search_AuditDiagnosticLog_Audit.json
Security Center,A maximum of 3 owners should be designated for your subscription,PA-1,,,A.6.1.2,AC-6 (7),3.1.4,11112.01q2Organizational.67 - 01.q,AC-2,https://github.com/Azure/azure-policy/blob/master/built-in-policies/policyDefinitions/Security%20Center/ASC_DesignateLessThanXOwners_Audit.json
Security Center,A vulnerability assessment solution should be enabled on your virtual machines,PV-6,,,A.12.6.1,SI-2,3.14.1,0711.10m2Organizational.23 - 10.m,ISM-3,https://github.com/Azure/azure-policy/blob/master/built-in-policies/policyDefinitions/Security%20Center/ASC_ServerVulnerabilityAssessment_Audit.json
Security Center,Adaptive application controls for defining safe applications should be enabled on your machines,AM-6,,,A.12.6.2,CM-11,3.4.9,0607.10h2System.23 - 10.h,SS-4,https://github.com/Azure/azure-policy/blob/master/built-in-policies/policyDefinitions/Security%20Center/ASC_AdaptiveApplicationControls_Audit.json
Security Center,Adaptive network hardening recommendations should be applied on internet facing virtual machines,NS-4,,,,SC-7,3.13.5,0859.09m1Organizational.78 - 09.m,NS-2,https://github.com/Azure/azure-policy/blob/master/built-in-policies/policyDefinitions/Security%20Center/ASC_AdaptiveNetworkHardenings_Audit.json
Security Center,All network ports should be restricted on network security groups associated to your virtual machine,,,,A.13.1.1,SC-7,3.13.5,0858.09m1Organizational.4 - 09.m,,https://github.com/Azure/azure-policy/blob/master/built-in-policies/policyDefinitions/Security%20Center/ASC_UnprotectedEndpoints_Audit.json
Security Center,Allowlist rules in your adaptive application control policy should be updated,,,,,,,,,https://github.com/Azure/azure-policy/blob/master/built-in-policies/policyDefinitions/Security%20Center/ASC_AdaptiveApplicationControlsUpdate_Audit.json
Security Center,Authorized IP ranges should be defined on Kubernetes Services,NS-4,,,,,,,,https://github.com/Azure/azure-policy/blob/master/built-in-policies/policyDefinitions/Security%20Center/ASC_EnableIpRanges_KubernetesService_Audit.json
Security Center,Auto provisioning of the Log Analytics agent should be enabled on your subscription,LT-5,2.11,,,,,1220.09ab3System.56 - 09.ab,,https://github.com/Azure/azure-policy/blob/master/built-in-policies/policyDefinitions/Security%20Center/ASC_Automatic_provisioning_log_analytics_monitoring_agent.json
Security Center,Azure DDoS Protection Standard should be enabled,NS-4,,,,SC-5,,,NS-5,https://github.com/Azure/azure-policy/blob/master/built-in-policies/policyDefinitions/Security%20Center/ASC_EnableDDoSProtection_Audit.json
Security Center,Azure Defender for App Service should be enabled,IR-5,2.2,,,,,,,https://github.com/Azure/azure-policy/blob/master/built-in-policies/policyDefinitions/Security%20Center/ASC_EnableAdvancedThreatProtectionOnAppServices_Audit.json
Security Center,Azure Defender for Azure SQL Database servers should be enabled,IR-5,2.3,,,,,,,https://github.com/Azure/azure-policy/blob/master/built-in-policies/policyDefinitions/Security%20Center/ASC_EnableAdvancedDataSecurityOnSqlServers_Audit.json
Security Center,Azure Defender for Key Vault should be enabled,IR-5,2.8,,,,,,,https://github.com/Azure/azure-policy/blob/master/built-in-policies/policyDefinitions/Security%20Center/ASC_EnableAdvancedThreatProtectionOnKeyVaults_Audit.json
Security Center,Azure Defender for Kubernetes should be enabled,IR-5,2.6,,,,,,,https://github.com/Azure/azure-policy/blob/master/built-in-policies/policyDefinitions/Security%20Center/ASC_EnableAdvancedThreatProtectionOnKubernetesService_Audit.json
Security Center,Azure Defender for SQL servers on machines should be enabled,IR-5,2.4,,,,,,,https://github.com/Azure/azure-policy/blob/master/built-in-policies/policyDefinitions/Security%20Center/ASC_EnableAdvancedDataSecurityOnSqlServerVirtualMachines_Audit.json
Security Center,Azure Defender for Storage should be enabled,IR-5,2.5,,,,,,,https://github.com/Azure/azure-policy/blob/master/built-in-policies/policyDefinitions/Security%20Center/ASC_EnableAdvancedThreatProtectionOnStorageAccounts_Audit.json
Security Center,Azure Defender for container registries should be enabled,IR-5,2.7,,,,,,,https://github.com/Azure/azure-policy/blob/master/built-in-policies/policyDefinitions/Security%20Center/ASC_EnableAdvancedThreatProtectionOnContainerRegistry_Audit.json
Security Center,Azure Defender for servers should be enabled,ES-1,2.1,,,,,,,https://github.com/Azure/azure-policy/blob/master/built-in-policies/policyDefinitions/Security%20Center/ASC_EnableAdvancedThreatProtectionOnVM_Audit.json
Security Center,Deprecated accounts should be removed from your subscription,PA-3,,,A.9.2.6,AC-2,3.1.1,,AC-5,https://github.com/Azure/azure-policy/blob/master/built-in-policies/policyDefinitions/Security%20Center/ASC_RemoveDeprecatedAccounts_Audit.json
Security Center,Deprecated accounts with owner permissions should be removed from your subscription,PA-3,,,A.9.2.6,AC-2,3.1.1,1147.01c2System.456 - 01.c,AC-5,https://github.com/Azure/azure-policy/blob/master/built-in-policies/policyDefinitions/Security%20Center/ASC_RemoveDeprecatedAccountsWithOwnerPermissions_Audit.json
Security Center,Disk encryption should be applied on virtual machines,DP-5,7.2,,A.10.1.1,SC-28 (1),3.13.16,0302.09o2Organizational.1 - 09.o,DM-6,https://github.com/Azure/azure-policy/blob/master/built-in-policies/policyDefinitions/Security%20Center/ASC_UnencryptedVMDisks_Audit.json
Security Center,Email notification for high severity alerts should be enabled,IR-2,2.14,,,,,,,https://github.com/Azure/azure-policy/blob/master/built-in-policies/policyDefinitions/Security%20Center/ASC_Email_notification.json
Security Center,Email notification to subscription owner for high severity alerts should be enabled,IR-2,,,,,3.14.6,,,https://github.com/Azure/azure-policy/blob/master/built-in-policies/policyDefinitions/Security%20Center/ASC_Email_notification_to_subscription_owner.json
Security Center,Endpoint protection solution should be installed on virtual machine scale sets,ES-3,,,,SI-3 (1),3.14.2,0201.09j1Organizational.124 - 09.j,DM-4,https://github.com/Azure/azure-policy/blob/master/built-in-policies/policyDefinitions/Security%20Center/ASC_VmssMissingEndpointProtection_Audit.json
Security Center,External accounts with owner permissions should be removed from your subscription,PA-3,1.3,,A.9.2.5,AC-2,3.1.1,1146.01c2System.23 - 01.c,PRS-5,https://github.com/Azure/azure-policy/blob/master/built-in-policies/policyDefinitions/Security%20Center/ASC_RemoveExternalAccountsWithOwnerPermissions_Audit.json
Security Center,External accounts with read permissions should be removed from your subscription,PA-3,1.3,,,AC-2,3.1.1,,,https://github.com/Azure/azure-policy/blob/master/built-in-policies/policyDefinitions/Security%20Center/ASC_RemoveExternalAccountsReadPermissions_Audit.json
Security Center,External accounts with write permissions should be removed from your subscription,PA-3,1.3,,A.9.2.5,AC-2,3.1.1,,PRS-5,https://github.com/Azure/azure-policy/blob/master/built-in-policies/policyDefinitions/Security%20Center/ASC_RemoveExternalAccountsWritePermissions_Audit.json
Security Center,Guest Configuration extension should be installed on your machines,,,,,,,,,https://github.com/Azure/azure-policy/blob/master/built-in-policies/policyDefinitions/Security%20Center/ASC_GCExtOnVm.json
Security Center,IP Forwarding on your virtual machine should be disabled,NS-4,,,,,,,,https://github.com/Azure/azure-policy/blob/master/built-in-policies/policyDefinitions/Security%20Center/ASC_IPForwardingOnVirtualMachines_Audit.json
Security Center,Internet-facing virtual machines should be protected with network security groups,NS-4,,,,,3.13.5,0814.01n1Organizational.12 - 01.n,NS-2,https://github.com/Azure/azure-policy/blob/master/built-in-policies/policyDefinitions/Security%20Center/ASC_NetworkSecurityGroupsOnInternetFacingVirtualMachines_Audit.json
Security Center,Kubernetes Services should be upgraded to a non-vulnerable Kubernetes version,PV-7,,,,,3.14.1,,,https://github.com/Azure/azure-policy/blob/master/built-in-policies/policyDefinitions/Security%20Center/ASC_UpgradeVersion_KubernetesService_Audit.json
Security Center,Log Analytics agent health issues should be resolved on your machines,LT-5,,,,,,,,https://github.com/Azure/azure-policy/blob/master/built-in-policies/policyDefinitions/Security%20Center/ASC_ResolveLaHealthIssues.json
Security Center,Log Analytics agent should be installed on your virtual machine for Azure Security Center monitoring,LT-5,,,,,,,,https://github.com/Azure/azure-policy/blob/master/built-in-policies/policyDefinitions/Security%20Center/ASC_InstallLaAgentOnVm.json
Security Center,Log Analytics agent should be installed on your virtual machine scale sets for Azure Security Center monitoring,LT-5,,,,,,,,https://github.com/Azure/azure-policy/blob/master/built-in-policies/policyDefinitions/Security%20Center/ASC_InstallLaAgentOnVmss.json
Security Center,MFA should be enabled accounts with write permissions on your subscription,IM-4,1.1,,A.9.4.2,IA-2 (1),3.5.3,11110.01q1Organizational.6 - 01.q,AC-17,https://github.com/Azure/azure-policy/blob/master/built-in-policies/policyDefinitions/Security%20Center/ASC_EnableMFAForWritePermissions_Audit.json
Security Center,MFA should be enabled on accounts with owner permissions on your subscription,IM-4,1.1,,A.9.4.2,IA-2 (1),3.5.3,11109.01q1Organizational.57 - 01.q,AC-17,https://github.com/Azure/azure-policy/blob/master/built-in-policies/policyDefinitions/Security%20Center/ASC_EnableMFAForOwnerPermissions_Audit.json
Security Center,MFA should be enabled on accounts with read permissions on your subscription,IM-4,1.2,,A.9.4.2,IA-2 (2),3.5.3,11111.01q2System.4 - 01.q,AC-17,https://github.com/Azure/azure-policy/blob/master/built-in-policies/policyDefinitions/Security%20Center/ASC_EnableMFAForReadPermissions_Audit.json
Security Center,Management ports of virtual machines should be protected with just-in-time network access control,NS-4,,,,SC-7 (4) Ownership : Microsoft,,0858.09m1Organizational.4 - 09.m,AC-7,https://github.com/Azure/azure-policy/blob/master/built-in-policies/policyDefinitions/Security%20Center/ASC_JITNetworkAccess_Audit.json
Security Center,Management ports should be closed on your virtual machines,NS-1,,,,,,1193.01l2Organizational.13 - 01.l,,https://github.com/Azure/azure-policy/blob/master/built-in-policies/policyDefinitions/Security%20Center/ASC_OpenManagementPortsOnVirtualMachines_Audit.json
Security Center,Monitor missing Endpoint Protection in Azure Security Center,ES-3,7.6,,A.12.6.1,SI-3 (1),3.14.2,0201.09j1Organizational.124 - 09.j,DM-4,https://github.com/Azure/azure-policy/blob/master/built-in-policies/policyDefinitions/Security%20Center/ASC_MissingEndpointProtection_Audit.json
Security Center,Non-internet-facing virtual machines should be protected with network security groups,,,,,,,,,https://github.com/Azure/azure-policy/blob/master/built-in-policies/policyDefinitions/Security%20Center/ASC_NetworkSecurityGroupsOnInternalVirtualMachines_Audit.json
Security Center,Role-Based Access Control (RBAC) should be used on Kubernetes Services,PA-7,8.5,,,,,1229.09c1Organizational.1 - 09.c,,https://github.com/Azure/azure-policy/blob/master/built-in-policies/policyDefinitions/Security%20Center/ASC_EnableRBAC_KubernetesService_Audit.json
Security Center,Security Center standard pricing tier should be selected,,,,,,,,,https://github.com/Azure/azure-policy/blob/master/built-in-policies/policyDefinitions/Security%20Center/ASC_Standard_pricing_tier.json
Security Center,Service principals should be used to protect your subscriptions instead of management certificates,IM-2,,,,,,,,https://github.com/Azure/azure-policy/blob/master/built-in-policies/policyDefinitions/Security%20Center/ASC_UseServicePrincipalToProtectSubscriptions.json
Security Center,Subnets should be associated with a Network Security Group,NS-4,,,,,,0814.01n1Organizational.12 - 01.n,,https://github.com/Azure/azure-policy/blob/master/built-in-policies/policyDefinitions/Security%20Center/ASC_NetworkSecurityGroupsOnSubnets_Audit.json
Security Center,Subscriptions should have a contact email address for security issues,IR-2,2.13,,,,3.14.6,,,https://github.com/Azure/azure-policy/blob/master/built-in-policies/policyDefinitions/Security%20Center/ASC_Security_contact_email.json
Security Center,System updates on virtual machine scale sets should be installed,PV-7,,,,SI-2,3.14.1,1202.09aa1System.1 - 09.aa,PRS-5,https://github.com/Azure/azure-policy/blob/master/built-in-policies/policyDefinitions/Security%20Center/ASC_VmssMissingSystemUpdates_Audit.json
Security Center,System updates should be installed on your machines,PV-7,7.5,,A.12.6.1,SI-2,3.14.1,0201.09j1Organizational.124 - 09.j,PRS-5,https://github.com/Azure/azure-policy/blob/master/built-in-policies/policyDefinitions/Security%20Center/ASC_MissingSystemUpdates_Audit.json
Security Center,There should be more than one owner assigned to your subscription,PA-1,,,A.6.1.2,AC-6 (7),3.1.4,11208.01q1Organizational.8 - 01.q,AC-2,https://github.com/Azure/azure-policy/blob/master/built-in-policies/policyDefinitions/Security%20Center/ASC_DesignateMoreThanOneOwner_Audit.json
Security Center,Virtual machines' Guest Configuration extension should be deployed with system-assigned managed identity,,,,,,,,,https://github.com/Azure/azure-policy/blob/master/built-in-policies/policyDefinitions/Security%20Center/ASC_GCExtOnVmWithNoSAMI.json
Security Center,Vulnerabilities in Azure Container Registry images should be remediated,PV-6,,,,,,,,https://github.com/Azure/azure-policy/blob/master/built-in-policies/policyDefinitions/Security%20Center/ASC_ContainerRegistryVulnerabilityAssessment_Audit.json
Security Center,Vulnerabilities in container security configurations should be remediated,PV-4,,,,,3.11.2,0715.10m2Organizational.8 - 10.m,ISM-3,https://github.com/Azure/azure-policy/blob/master/built-in-policies/policyDefinitions/Security%20Center/ASC_ContainerBenchmark_Audit.json
Security Center,Vulnerabilities in security configuration on your machines should be remediated,PV-4,,,A.12.6.1,SI-2,3.14.1,0718.10m3Organizational.34 - 10.m,ISM-3,https://github.com/Azure/azure-policy/blob/master/built-in-policies/policyDefinitions/Security%20Center/ASC_OSVulnerabilities_Audit.json
Security Center,Vulnerabilities in security configuration on your virtual machine scale sets should be remediated,PV-4,,,,SI-2,3.14.1,0717.10m3Organizational.2 - 10.m,ISM-3,https://github.com/Azure/azure-policy/blob/master/built-in-policies/policyDefinitions/Security%20Center/ASC_VmssOSVulnerabilities_Audit.json
Security Center,Vulnerabilities on your SQL databases should be remediated,PV-6,,,A.12.6.1,SI-2,3.14.1,0716.10m3Organizational.1 - 10.m,ISM-3,https://github.com/Azure/azure-policy/blob/master/built-in-policies/policyDefinitions/Security%20Center/ASC_SQLDbVulnerabilities_Audit.json
Security Center,[Preview]: Sensitive data in your SQL databases should be classified,DP-1,,,,,,,,https://github.com/Azure/azure-policy/blob/master/built-in-policies/policyDefinitions/Security%20Center/ASC_SQLDbDataClassification_Audit.json
Service Bus,Resource logs in Service Bus should be enabled,LT-4,5.3,,,,,1208.09aa3System.1 - 09.aa,,https://github.com/Azure/azure-policy/blob/master/built-in-policies/policyDefinitions/Service%20Bus/ServiceBus_AuditDiagnosticLog_Audit.json
Service Fabric,Service Fabric clusters should have the ClusterProtectionLevel property set to EncryptAndSign,DP-5,,,A.10.1.1,,,,,https://github.com/Azure/azure-policy/blob/master/built-in-policies/policyDefinitions/Service%20Fabric/ServiceFabric_AuditClusterProtectionLevel_Audit.json
Service Fabric,Service Fabric clusters should only use Azure Active Directory for client authentication,IM-1,,,A.9.2.3,AC-2 (7),,,AC-2,https://github.com/Azure/azure-policy/blob/master/built-in-policies/policyDefinitions/Service%20Fabric/ServiceFabric_AuditADAuth_Audit.json
SignalR,Azure SignalR Service should use private link,NS-3,,,,,,,,https://github.com/Azure/azure-policy/blob/master/built-in-policies/policyDefinitions/SignalR/SignalR_PrivateEndpointEnabled_Audit.json
Storage,Secure transfer to storage accounts should be enabled,DP-4,3.1,,A.13.2.1,SC-8 (1),3.13.8,0943.09y1Organizational.1 - 09.y,DM-6,https://github.com/Azure/azure-policy/blob/master/built-in-policies/policyDefinitions/Storage/Storage_AuditForHTTPSEnabled_Audit.json
Storage,Storage accounts should allow access from trusted Microsoft services,,3.7,,,,,,,https://github.com/Azure/azure-policy/blob/master/built-in-policies/policyDefinitions/Storage/StorageAccess_TrustedMicrosoftServices_Audit.json
Storage,Storage accounts should be migrated to new Azure Resource Manager resources,AM-3,,,A.9.1.2,,,,,https://github.com/Azure/azure-policy/blob/master/built-in-policies/policyDefinitions/Storage/Classic_AuditForClassicStorages_Audit.json
Storage,Storage accounts should have infrastructure encryption,,,,,,,,,https://github.com/Azure/azure-policy/blob/master/built-in-policies/policyDefinitions/Storage/StorageAccountInfrastructureEncryptionEnabled_Audit.json
Storage,Storage accounts should restrict network access,NS-4,3.6,,A.13.1.1,SC-7,3.13.5,0866.09m3Organizational.1516 - 09.m,NS-2,https://github.com/Azure/azure-policy/blob/master/built-in-policies/policyDefinitions/Storage/Storage_NetworkAcls_Audit.json
Storage,Storage accounts should restrict network access using virtual network rules,NS-1,3.6,,,,,,,https://github.com/Azure/azure-policy/blob/master/built-in-policies/policyDefinitions/Storage/StorageAccountOnlyVnetRulesEnabled_Audit.json
Storage,Storage accounts should use customer-managed key for encryption,DP-5,3.9,,,,,,,https://github.com/Azure/azure-policy/blob/master/built-in-policies/policyDefinitions/Storage/StorageAccountCustomerManagedKeyEnabled_Audit.json
Storage,[Preview]: Storage account public access should be disallowed,DP-2,5.1.3,,,,,,NS-2,https://github.com/Azure/azure-policy/blob/master/built-in-policies/policyDefinitions/Storage/ASC_Storage_DisallowPublicBlobAccess_Audit.json
Stream Analytics,Azure Stream Analytics jobs should use customer-managed keys to encrypt data,,,,,,,,,https://github.com/Azure/azure-policy/blob/master/built-in-policies/policyDefinitions/Stream%20Analytics/StreamAnalytics_CMK_Audit.json
Stream Analytics,Resource logs in Azure Stream Analytics should be enabled,LT-4,5.3,,,,,1207.09aa2System.4 - 09.aa,,https://github.com/Azure/azure-policy/blob/master/built-in-policies/policyDefinitions/Stream%20Analytics/StreamAnalytics_AuditDiagnosticLog_Audit.json
Synapse,Azure Synapse workspaces should use customer-managed keys to encrypt data at rest,,,,,,,,,https://github.com/Azure/azure-policy/blob/master/built-in-policies/policyDefinitions/Synapse/SynapseWorkspaceCMK_Audit.json
VM Image Builder,VM Image Builder templates should use private link,NS-3,,,,,,,,https://github.com/Azure/azure-policy/blob/master/built-in-policies/policyDefinitions/VM%20Image%20Builder/PrivateLinkEnabled_Audit.json
